source_row,passage_seed_num,og_passage_seed_number,target_word,passage_variant,jabber_passage,entropy,target_probability,target_log_probability,target_pos,top_alternatives,word_to_nonce,mapping_table,most_probable_word,is_most_probable,in_top_5,in_top_10,sublist,trial_number,target_word_position
1,1,1,sat,The aged lady enjoyed watching as the setting sun painted the sky with vibrant colors. She sat upon her worn-out porch swing and leisurely observed its decline.,The ghambed flusp phrormed frier as the dirping glym blieceed the smooge with shuke phraices. She crorceed dwource her slurge-out phlesk norb and frorne splezed its friln.,2.676566362,0.4801896513,-0.733574152,verb,"[{'word': 'sat', 'probability': 0.48018965125083923, 'log_prob': -0.7335741519927979, 'is_punctuation': False}, {'word': 'felt', 'probability': 0.06074471399188042, 'log_prob': -2.8010752201080322, 'is_punctuation': False}, {'word': 'had', 'probability': 0.05851887911558151, 'log_prob': -2.8384058475494385, 'is_punctuation': False}, {'word': 'took', 'probability': 0.03770257905125618, 'log_prob': -3.278026819229126, 'is_punctuation': False}, {'word': 'was', 'probability': 0.03406137600541115, 'log_prob': -3.379591226577759, 'is_punctuation': False}, {'word': 'smiled', 'probability': 0.030780695378780365, 'log_prob': -3.480867624282837, 'is_punctuation': False}, {'word': 'si', 'probability': 0.02015557698905468, 'log_prob': -3.9042742252349854, 'is_punctuation': False}, {'word': 'leaned', 'probability': 0.01750205270946026, 'log_prob': -4.045437335968018, 'is_punctuation': False}, {'word': 'watched', 'probability': 0.01585554890334606, 'log_prob': -4.144235610961914, 'is_punctuation': False}, {'word': 'sighed', 'probability': 0.01373370736837387, 'log_prob': -4.287901878356934, 'is_punctuation': False}]","{""age"": ""ghamb"", ""lady"": ""flusp"", ""enjoy"": ""phrorm"", ""watching"": ""frier"", ""set"": ""dirp"", ""sun"": ""glym"", ""paint"": ""bliece"", ""sky"": ""smooge"", ""vibrant"": ""shuke"", ""color"": ""phraice"", ""sit"": ""crorce"", ""upon"": ""dwource"", ""worn"": ""slurge"", ""porch"": ""phlesk"", ""swing"": ""norb"", ""leisurely"": ""frorne"", ""observe"": ""splez"", ""decline"": ""friln""}","[{""original"": ""age"", ""nonce"": ""ghamb""}, {""original"": ""lady"", ""nonce"": ""flusp""}, {""original"": ""enjoy"", ""nonce"": ""phrorm""}, {""original"": ""watching"", ""nonce"": ""frier""}, {""original"": ""set"", ""nonce"": ""dirp""}, {""original"": ""sun"", ""nonce"": ""glym""}, {""original"": ""paint"", ""nonce"": ""bliece""}, {""original"": ""sky"", ""nonce"": ""smooge""}, {""original"": ""vibrant"", ""nonce"": ""shuke""}, {""original"": ""color"", ""nonce"": ""phraice""}, {""original"": ""sit"", ""nonce"": ""crorce""}, {""original"": ""upon"", ""nonce"": ""dwource""}, {""original"": ""worn"", ""nonce"": ""slurge""}, {""original"": ""porch"", ""nonce"": ""phlesk""}, {""original"": ""swing"", ""nonce"": ""norb""}, {""original"": ""leisurely"", ""nonce"": ""frorne""}, {""original"": ""observe"", ""nonce"": ""splez""}, {""original"": ""decline"", ""nonce"": ""friln""}]",sat,True,True,True,3,1,16
7,2,3,woman,"The elderly woman approached the park slowly, clutching her bag close to her chest. She paused by the fountain, observing her own image in the water.","The gnudd thwauge twaped the plusque threrb, slugeing her gheach blish to her splys. She shrooshed by the scight, pralphing her own driff in the blurch.",3.4620464,0.1114504933,-2.194174767,noun,"[{'word': 'are', 'probability': 0.22921036183834076, 'log_prob': -1.473115086555481, 'is_punctuation': False}, {'word': 'woman', 'probability': 0.11145049333572388, 'log_prob': -2.1941747665405273, 'is_punctuation': False}, {'word': 'man', 'probability': 0.08711467683315277, 'log_prob': -2.4405298233032227, 'is_punctuation': False}, {'word': 'population', 'probability': 0.057149674743413925, 'log_prob': -2.862081527709961, 'is_punctuation': False}, {'word': 'and', 'probability': 0.05395127460360527, 'log_prob': -2.9196739196777344, 'is_punctuation': False}, {'word': 'often', 'probability': 0.024779969826340675, 'log_prob': -3.6977195739746094, 'is_punctuation': False}, {'word': 'have', 'probability': 0.024657269939780235, 'log_prob': -3.702683448791504, 'is_punctuation': False}, {'word': 'couple', 'probability': 0.024037528783082962, 'log_prob': -3.7281389236450195, 'is_punctuation': False}, {'word': 'care', 'probability': 0.02102767862379551, 'log_prob': -3.8619155883789062, 'is_punctuation': False}, {'word': 'person', 'probability': 0.0207343939691782, 'log_prob': -3.8759613037109375, 'is_punctuation': False}]","{""elderly"": ""gnudd"", ""woman"": ""thwauge"", ""approach"": ""twap"", ""park"": ""plusque"", ""slowly"": ""threrb"", ""clutch"": ""sluge"", ""bag"": ""gheach"", ""close"": ""blish"", ""chest"": ""splys"", ""pause"": ""shroosh"", ""fountain"": ""scight"", ""observe"": ""pralph"", ""image"": ""driff"", ""water"": ""blurch""}","[{""original"": ""elderly"", ""nonce"": ""gnudd""}, {""original"": ""woman"", ""nonce"": ""thwauge""}, {""original"": ""approach"", ""nonce"": ""twap""}, {""original"": ""park"", ""nonce"": ""plusque""}, {""original"": ""slowly"", ""nonce"": ""threrb""}, {""original"": ""clutch"", ""nonce"": ""sluge""}, {""original"": ""bag"", ""nonce"": ""gheach""}, {""original"": ""close"", ""nonce"": ""blish""}, {""original"": ""chest"", ""nonce"": ""splys""}, {""original"": ""pause"", ""nonce"": ""shroosh""}, {""original"": ""fountain"", ""nonce"": ""scight""}, {""original"": ""observe"", ""nonce"": ""pralph""}, {""original"": ""image"", ""nonce"": ""driff""}, {""original"": ""water"", ""nonce"": ""blurch""}]",are,False,True,True,3,2,2
9,3,4,dusty,"The leather-bound volume, its spine cracked and edges frayed, sat nestled amongst stacks of yellowed legal documents on the dusty archive shelf. A subtle, yet distinct, scent of archival tobacco lingered in the air, a reminder of past research sessions held within these walls.","The twoar-ghilm prurg, its ghight phreaned and fusps fluched, thirted thrarceed twuch gwulps of spruch phalf pagues on the strasp splelt yarse. A dwoath, wheace wroaf, whirge of squin bratch thworceed in the julge, a predge of glaun scule phonges strilgeed dreave these whealts.",2.5295255,0.515,-0.6640956998,adjective,"[{'word': 'dusty', 'probability': 0.5147387981414795, 'log_prob': -0.6640956997871399, 'is_punctuation': False}, {'word': 'desk', 'probability': 0.11392388492822647, 'log_prob': -2.172224760055542, 'is_punctuation': False}, {'word': 'antique', 'probability': 0.04586036503314972, 'log_prob': -3.0821540355682373, 'is_punctuation': False}, {'word': 'old', 'probability': 0.035315271466970444, 'log_prob': -3.343439817428589, 'is_punctuation': False}, {'word': 'shelf', 'probability': 0.02696176804602146, 'log_prob': -3.613335371017456, 'is_punctuation': False}, {'word': 'lawyer', 'probability': 0.019687538966536522, 'log_prob': -3.927769422531128, 'is_punctuation': False}, {'word': 'worn', 'probability': 0.015560791827738285, 'log_prob': -4.16300106048584, 'is_punctuation': False}, {'word': 'table', 'probability': 0.014082239009439945, 'log_prob': -4.262840747833252, 'is_punctuation': False}, {'word': 'cluttered', 'probability': 0.013272611424326897, 'log_prob': -4.322052478790283, 'is_punctuation': False}, {'word': 'professor', 'probability': 0.012152842245995998, 'log_prob': -4.410192012786865, 'is_punctuation': False}]","{""leather"": ""twoar"", ""bound"": ""ghilm"", ""volume"": ""prurg"", ""spine"": ""ghight"", ""crack"": ""phrean"", ""edge"": ""fusp"", ""fray"": ""fluch"", ""sit"": ""thirt"", ""nestle"": ""thrarce"", ""amongst"": ""twuch"", ""stack"": ""gwulp"", ""yellowed"": ""spruch"", ""legal"": ""phalf"", ""document"": ""pague"", ""dusty"": ""strasp"", ""archive"": ""splelt"", ""shelf"": ""yarse"", ""subtle"": ""dwoath"", ""yet"": ""wheace"", ""distinct"": ""wroaf"", ""scent"": ""whirge"", ""archival"": ""squin"", ""tobacco"": ""bratch"", ""linger"": ""thworce"", ""air"": ""julge"", ""reminder"": ""predge"", ""past"": ""glaun"", ""research"": ""scule"", ""session"": ""phonge"", ""hold"": ""strilge"", ""within"": ""dreave"", ""wall"": ""whealt""}","[{""original"": ""leather"", ""nonce"": ""twoar""}, {""original"": ""bound"", ""nonce"": ""ghilm""}, {""original"": ""volume"", ""nonce"": ""prurg""}, {""original"": ""spine"", ""nonce"": ""ghight""}, {""original"": ""crack"", ""nonce"": ""phrean""}, {""original"": ""edge"", ""nonce"": ""fusp""}, {""original"": ""fray"", ""nonce"": ""fluch""}, {""original"": ""sit"", ""nonce"": ""thirt""}, {""original"": ""nestle"", ""nonce"": ""thrarce""}, {""original"": ""amongst"", ""nonce"": ""twuch""}, {""original"": ""stack"", ""nonce"": ""gwulp""}, {""original"": ""yellowed"", ""nonce"": ""spruch""}, {""original"": ""legal"", ""nonce"": ""phalf""}, {""original"": ""document"", ""nonce"": ""pague""}, {""original"": ""dusty"", ""nonce"": ""strasp""}, {""original"": ""archive"", ""nonce"": ""splelt""}, {""original"": ""shelf"", ""nonce"": ""yarse""}, {""original"": ""subtle"", ""nonce"": ""dwoath""}, {""original"": ""yet"", ""nonce"": ""wheace""}, {""original"": ""distinct"", ""nonce"": ""wroaf""}, {""original"": ""scent"", ""nonce"": ""whirge""}, {""original"": ""archival"", ""nonce"": ""squin""}, {""original"": ""tobacco"", ""nonce"": ""bratch""}, {""original"": ""linger"", ""nonce"": ""thworce""}, {""original"": ""air"", ""nonce"": ""julge""}, {""original"": ""reminder"", ""nonce"": ""predge""}, {""original"": ""past"", ""nonce"": ""glaun""}, {""original"": ""research"", ""nonce"": ""scule""}, {""original"": ""session"", ""nonce"": ""phonge""}, {""original"": ""hold"", ""nonce"": ""strilge""}, {""original"": ""within"", ""nonce"": ""dreave""}, {""original"": ""wall"", ""nonce"": ""whealt""}]",dusty,True,True,True,3,3,19
12,4,5,barn,"The wind whipped through the dry, brown grass of the abandoned farm, sending shivers down my spine as it rustled the tattered remnants of a faded welcome sign that read Welcome to Willow Creek. The old, weather-beaten barn stood stoic, its once vibrant red paint now chipped and flaking, revealing the grain of its aged timber underneath.","The shrorge thwunked through the frowse, ghight scrong of the claleed crilt, shrithing plaiths down my gwulp as it smaucheed the thwont hebes of a drobe thilth strilm that flurge Thilth to Bonge Scranc. The thrart, splault-doque splurk shrowed splif, its once phurk scarsh skute now nawked and gneiking, trerveing the troise of its dwem shurb thruch.",3.675704,0.2272582352,-1.481668353,noun,"[{'word': 'barn', 'probability': 0.22725823521614075, 'log_prob': -1.4816683530807495, 'is_punctuation': False}, {'word': 'farmhouse', 'probability': 0.09573528915643692, 'log_prob': -2.346168279647827, 'is_punctuation': False}, {'word': 'wooden', 'probability': 0.04722105711698532, 'log_prob': -3.052915334701538, 'is_punctuation': False}, {'word': 'sign', 'probability': 0.042522888630628586, 'log_prob': -3.157712936401367, 'is_punctuation': False}, {'word': 'house', 'probability': 0.04233933612704277, 'log_prob': -3.162038803100586, 'is_punctuation': False}, {'word': 'buildings', 'probability': 0.03960840776562691, 'log_prob': -3.2287139892578125, 'is_punctuation': False}, {'word': 'wood', 'probability': 0.03954401984810829, 'log_prob': -3.2303407192230225, 'is_punctuation': False}, {'word': 'structure', 'probability': 0.0388755202293396, 'log_prob': -3.2473905086517334, 'is_punctuation': False}, {'word': 'fence', 'probability': 0.02462787739932537, 'log_prob': -3.703876256942749, 'is_punctuation': False}, {'word': 'well', 'probability': 0.022474590688943863, 'log_prob': -3.795369863510132, 'is_punctuation': False}]","{""wind"": ""shrorge"", ""whip"": ""thwunk"", ""dry"": ""frowse"", ""brown"": ""ghight"", ""grass"": ""scrong"", ""abandon"": ""clale"", ""farm"": ""crilt"", ""send"": ""shrith"", ""shiver"": ""plaith"", ""spine"": ""gwulp"", ""rustle"": ""smauche"", ""tattered"": ""thwont"", ""remnant"": ""hebe"", ""faded"": ""drobe"", ""Welcome"": ""Thilth"", ""welcome"": ""thilth"", ""sign"": ""strilm"", ""read"": ""flurge"", ""Willow"": ""Bonge"", ""Creek"": ""Scranc"", ""old"": ""thrart"", ""weather"": ""splault"", ""beaten"": ""doque"", ""barn"": ""splurk"", ""stand"": ""shrow"", ""stoic"": ""splif"", ""vibrant"": ""phurk"", ""red"": ""scarsh"", ""paint"": ""skute"", ""chip"": ""nawk"", ""flake"": ""gneik"", ""reveal"": ""trerve"", ""grain"": ""troise"", ""aged"": ""dwem"", ""timber"": ""shurb"", ""underneath"": ""thruch""}","[{""original"": ""wind"", ""nonce"": ""shrorge""}, {""original"": ""whip"", ""nonce"": ""thwunk""}, {""original"": ""dry"", ""nonce"": ""frowse""}, {""original"": ""brown"", ""nonce"": ""ghight""}, {""original"": ""grass"", ""nonce"": ""scrong""}, {""original"": ""abandon"", ""nonce"": ""clale""}, {""original"": ""farm"", ""nonce"": ""crilt""}, {""original"": ""send"", ""nonce"": ""shrith""}, {""original"": ""shiver"", ""nonce"": ""plaith""}, {""original"": ""spine"", ""nonce"": ""gwulp""}, {""original"": ""rustle"", ""nonce"": ""smauche""}, {""original"": ""tattered"", ""nonce"": ""thwont""}, {""original"": ""remnant"", ""nonce"": ""hebe""}, {""original"": ""faded"", ""nonce"": ""drobe""}, {""original"": ""Welcome"", ""nonce"": ""Thilth""}, {""original"": ""welcome"", ""nonce"": ""thilth""}, {""original"": ""sign"", ""nonce"": ""strilm""}, {""original"": ""read"", ""nonce"": ""flurge""}, {""original"": ""Willow"", ""nonce"": ""Bonge""}, {""original"": ""Creek"", ""nonce"": ""Scranc""}, {""original"": ""old"", ""nonce"": ""thrart""}, {""original"": ""weather"", ""nonce"": ""splault""}, {""original"": ""beaten"", ""nonce"": ""doque""}, {""original"": ""barn"", ""nonce"": ""splurk""}, {""original"": ""stand"", ""nonce"": ""shrow""}, {""original"": ""stoic"", ""nonce"": ""splif""}, {""original"": ""vibrant"", ""nonce"": ""phurk""}, {""original"": ""red"", ""nonce"": ""scarsh""}, {""original"": ""paint"", ""nonce"": ""skute""}, {""original"": ""chip"", ""nonce"": ""nawk""}, {""original"": ""flake"", ""nonce"": ""gneik""}, {""original"": ""reveal"", ""nonce"": ""trerve""}, {""original"": ""grain"", ""nonce"": ""troise""}, {""original"": ""aged"", ""nonce"": ""dwem""}, {""original"": ""timber"", ""nonce"": ""shurb""}, {""original"": ""underneath"", ""nonce"": ""thruch""}]",barn,True,True,True,3,4,37
18,5,6,breeze,"The weathered oak tree stood sentinel over the quiet cul-de-sac, its branches heavy with ripe peaches. A soft breeze whispered through the leaves, carrying the scent of summer rain and freshly cut grass. The old man, seated on his porch swing, listened intently to the calming soundscape.","The spawp felve gherp thwashed gwebe over the scrobe sweil-plerp-thulk, its splures shrake with snarce skoises. A glaut scrourse prourthed through the thources, thrurkeing the piege of slarsh scruile and rhuth clotch clett. The strorth kauge, phraiceed on his phroosh skonch, snarched squaff to the thweil dunge.",1.2806053,0.7664207816,-0.2660239339,noun,"[{'word': 'breeze', 'probability': 0.7664207816123962, 'log_prob': -0.2660239338874817, 'is_punctuation': False}, {'word': 'rust', 'probability': 0.016323603689670563, 'log_prob': -4.115143299102783, 'is_punctuation': False}, {'word': 'melody', 'probability': 0.013213157653808594, 'log_prob': -4.326542377471924, 'is_punctuation': False}, {'word': 'summer', 'probability': 0.012054984457790852, 'log_prob': -4.418277263641357, 'is_punctuation': False}, {'word': 'wind', 'probability': 0.011312552727758884, 'log_prob': -4.481842517852783, 'is_punctuation': False}, {'word': 'light', 'probability': 0.01056674588471651, 'log_prob': -4.55004358291626, 'is_punctuation': False}, {'word': 'glow', 'probability': 0.010410446673631668, 'log_prob': -4.564945697784424, 'is_punctuation': False}, {'word': 'sigh', 'probability': 0.009973499923944473, 'log_prob': -4.607823848724365, 'is_punctuation': False}, {'word': 'hum', 'probability': 0.006102222017943859, 'log_prob': -5.09910249710083, 'is_punctuation': False}, {'word': 'whisper', 'probability': 0.004697222728282213, 'log_prob': -5.36078405380249, 'is_punctuation': False}]","{""weathered"": ""spawp"", ""oak"": ""felve"", ""tree"": ""gherp"", ""stand"": ""thwash"", ""sentinel"": ""gwebe"", ""quiet"": ""scrobe"", ""cul"": ""sweil"", ""de"": ""plerp"", ""sac"": ""thulk"", ""branch"": ""splure"", ""heavy"": ""shrake"", ""ripe"": ""snarce"", ""peach"": ""skoise"", ""soft"": ""glaut"", ""breeze"": ""scrourse"", ""whisper"": ""prourth"", ""leaf"": ""thource"", ""carry"": ""thrurke"", ""scent"": ""piege"", ""summer"": ""slarsh"", ""rain"": ""scruile"", ""freshly"": ""rhuth"", ""cut"": ""clotch"", ""grass"": ""clett"", ""old"": ""strorth"", ""man"": ""kauge"", ""seat"": ""phraice"", ""porch"": ""phroosh"", ""swing"": ""skonch"", ""listen"": ""snarch"", ""intently"": ""squaff"", ""calming"": ""thweil"", ""soundscape"": ""dunge""}","[{""original"": ""weathered"", ""nonce"": ""spawp""}, {""original"": ""oak"", ""nonce"": ""felve""}, {""original"": ""tree"", ""nonce"": ""gherp""}, {""original"": ""stand"", ""nonce"": ""thwash""}, {""original"": ""sentinel"", ""nonce"": ""gwebe""}, {""original"": ""quiet"", ""nonce"": ""scrobe""}, {""original"": ""cul"", ""nonce"": ""sweil""}, {""original"": ""de"", ""nonce"": ""plerp""}, {""original"": ""sac"", ""nonce"": ""thulk""}, {""original"": ""branch"", ""nonce"": ""splure""}, {""original"": ""heavy"", ""nonce"": ""shrake""}, {""original"": ""ripe"", ""nonce"": ""snarce""}, {""original"": ""peach"", ""nonce"": ""skoise""}, {""original"": ""soft"", ""nonce"": ""glaut""}, {""original"": ""breeze"", ""nonce"": ""scrourse""}, {""original"": ""whisper"", ""nonce"": ""prourth""}, {""original"": ""leaf"", ""nonce"": ""thource""}, {""original"": ""carry"", ""nonce"": ""thrurke""}, {""original"": ""scent"", ""nonce"": ""piege""}, {""original"": ""summer"", ""nonce"": ""slarsh""}, {""original"": ""rain"", ""nonce"": ""scruile""}, {""original"": ""freshly"", ""nonce"": ""rhuth""}, {""original"": ""cut"", ""nonce"": ""clotch""}, {""original"": ""grass"", ""nonce"": ""clett""}, {""original"": ""old"", ""nonce"": ""strorth""}, {""original"": ""man"", ""nonce"": ""kauge""}, {""original"": ""seat"", ""nonce"": ""phraice""}, {""original"": ""porch"", ""nonce"": ""phroosh""}, {""original"": ""swing"", ""nonce"": ""skonch""}, {""original"": ""listen"", ""nonce"": ""snarch""}, {""original"": ""intently"", ""nonce"": ""squaff""}, {""original"": ""calming"", ""nonce"": ""thweil""}, {""original"": ""soundscape"", ""nonce"": ""dunge""}]",breeze,True,True,True,3,5,18
20,6,7,reading,"This novel kept my attention as if glued to its pages. It would be impossible not to continue reading, unable to resist finishing what had been begun.","This phaunch nawked my bluge as if druilted to its splains. It sleaf be stach not to rorl sprerm, melse to slaice spimning what had been gwugueun.",1.476381898,0.7290769219,-0.3159760237,verb,"[{'word': 'reading', 'probability': 0.7290769219398499, 'log_prob': -0.31597602367401123, 'is_punctuation': False}, {'word': 'to', 'probability': 0.061296116560697556, 'log_prob': -2.792038679122925, 'is_punctuation': False}, {'word': 'until', 'probability': 0.03016377054154873, 'log_prob': -3.5011136531829834, 'is_punctuation': False}, {'word': 'turning', 'probability': 0.013944785110652447, 'log_prob': -4.272649765014648, 'is_punctuation': False}, {'word': 'after', 'probability': 0.013816764578223228, 'log_prob': -4.281872749328613, 'is_punctuation': False}, {'word': 'once', 'probability': 0.01022027712315321, 'log_prob': -4.583381652832031, 'is_punctuation': False}, {'word': 'as', 'probability': 0.0093701696023345, 'log_prob': -4.670224189758301, 'is_punctuation': False}, {'word': 'because', 'probability': 0.006295197177678347, 'log_prob': -5.067968368530273, 'is_punctuation': False}, {'word': 'the', 'probability': 0.00548742339015007, 'log_prob': -5.205296516418457, 'is_punctuation': False}, {'word': 'from', 'probability': 0.0033833645284175873, 'log_prob': -5.688884735107422, 'is_punctuation': False}]","{""novel"": ""phaunch"", ""keep"": ""nawk"", ""attention"": ""bluge"", ""glue"": ""druilt"", ""page"": ""splain"", ""would"": ""sleaf"", ""impossible"": ""stach"", ""continue"": ""rorl"", ""reading"": ""sprerm"", ""unable"": ""melse"", ""resist"": ""slaice"", ""finish"": ""spimn"", ""begin"": ""gwugue""}","[{""original"": ""novel"", ""nonce"": ""phaunch""}, {""original"": ""keep"", ""nonce"": ""nawk""}, {""original"": ""attention"", ""nonce"": ""bluge""}, {""original"": ""glue"", ""nonce"": ""druilt""}, {""original"": ""page"", ""nonce"": ""splain""}, {""original"": ""would"", ""nonce"": ""sleaf""}, {""original"": ""impossible"", ""nonce"": ""stach""}, {""original"": ""continue"", ""nonce"": ""rorl""}, {""original"": ""reading"", ""nonce"": ""sprerm""}, {""original"": ""unable"", ""nonce"": ""melse""}, {""original"": ""resist"", ""nonce"": ""slaice""}, {""original"": ""finish"", ""nonce"": ""spimn""}, {""original"": ""begin"", ""nonce"": ""gwugue""}]",reading,True,True,True,3,6,18
25,7,7,canvas,"In the dimly lit studio, under the watchful gaze of a single lamp, Frida Kahlo carefully applied layers of scarlet red paint to her self-portrait. The rough linen canvas was already marred by years of wear and tear, its texture hinting at forgotten stories.","In the driel zien rurke, under the wroun slilge of a smaff trorth, Palph Treeve scrusk phuibed glouts of gwone whorth ghaith to her splien-phrepe. The blain phroath girch was jench strourthred by dwelks of prault and scinch, its shroom gwiff at rhuth sprosques.",1.338097,0.6915436983,-0.3688289523,noun,"[{'word': 'canvas', 'probability': 0.691543698310852, 'log_prob': -0.3688289523124695, 'is_punctuation': False}, {'word': 'of', 'probability': 0.1343795657157898, 'log_prob': -2.007086992263794, 'is_punctuation': False}, {'word': 'texture', 'probability': 0.04028270021080971, 'log_prob': -3.2118332386016846, 'is_punctuation': False}, {'word': 'fabric', 'probability': 0.03286013379693031, 'log_prob': -3.4154951572418213, 'is_punctuation': False}, {'word': 'cloth', 'probability': 0.027860306203365326, 'log_prob': -3.580552339553833, 'is_punctuation': False}, {'word': 'surface', 'probability': 0.016122031956911087, 'log_prob': -4.12756872177124, 'is_punctuation': False}, {'word': 'smo', 'probability': 0.00449758768081665, 'log_prob': -5.404213905334473, 'is_punctuation': False}, {'word': 'was', 'probability': 0.004335777834057808, 'log_prob': -5.440854072570801, 'is_punctuation': False}, {'word': 'stretched', 'probability': 0.002969740191474557, 'log_prob': -5.819280624389648, 'is_punctuation': False}, {'word': 'brush', 'probability': 0.0026550067123025656, 'log_prob': -5.931308269500732, 'is_punctuation': False}]","{""dimly"": ""driel"", ""lit"": ""zien"", ""studio"": ""rurke"", ""watchful"": ""wroun"", ""gaze"": ""slilge"", ""single"": ""smaff"", ""lamp"": ""trorth"", ""Frida"": ""Palph"", ""Kahlo"": ""Treeve"", ""carefully"": ""scrusk"", ""apply"": ""phuib"", ""layer"": ""glout"", ""scarlet"": ""gwone"", ""red"": ""whorth"", ""paint"": ""ghaith"", ""self"": ""splien"", ""portrait"": ""phrepe"", ""rough"": ""blain"", ""linen"": ""phroath"", ""canvas"": ""girch"", ""already"": ""jench"", ""mar"": ""strourth"", ""year"": ""dwelk"", ""wear"": ""prault"", ""tear"": ""scinch"", ""texture"": ""shroom"", ""hinting"": ""gwiff"", ""forgotten"": ""rhuth"", ""story"": ""sprosque""}","[{""original"": ""dimly"", ""nonce"": ""driel""}, {""original"": ""lit"", ""nonce"": ""zien""}, {""original"": ""studio"", ""nonce"": ""rurke""}, {""original"": ""watchful"", ""nonce"": ""wroun""}, {""original"": ""gaze"", ""nonce"": ""slilge""}, {""original"": ""single"", ""nonce"": ""smaff""}, {""original"": ""lamp"", ""nonce"": ""trorth""}, {""original"": ""Frida"", ""nonce"": ""Palph""}, {""original"": ""Kahlo"", ""nonce"": ""Treeve""}, {""original"": ""carefully"", ""nonce"": ""scrusk""}, {""original"": ""apply"", ""nonce"": ""phuib""}, {""original"": ""layer"", ""nonce"": ""glout""}, {""original"": ""scarlet"", ""nonce"": ""gwone""}, {""original"": ""red"", ""nonce"": ""whorth""}, {""original"": ""paint"", ""nonce"": ""ghaith""}, {""original"": ""self"", ""nonce"": ""splien""}, {""original"": ""portrait"", ""nonce"": ""phrepe""}, {""original"": ""rough"", ""nonce"": ""blain""}, {""original"": ""linen"", ""nonce"": ""phroath""}, {""original"": ""canvas"", ""nonce"": ""girch""}, {""original"": ""already"", ""nonce"": ""jench""}, {""original"": ""mar"", ""nonce"": ""strourth""}, {""original"": ""year"", ""nonce"": ""dwelk""}, {""original"": ""wear"", ""nonce"": ""prault""}, {""original"": ""tear"", ""nonce"": ""scinch""}, {""original"": ""texture"", ""nonce"": ""shroom""}, {""original"": ""hinting"", ""nonce"": ""gwiff""}, {""original"": ""forgotten"", ""nonce"": ""rhuth""}, {""original"": ""story"", ""nonce"": ""sprosque""}]",canvas,True,True,True,3,7,28
30,8,8,display,Brilliant hues from the sun set created an enchanting display across the azure horizon. Birds gracefully soared through the air on wingtip touches with the fading sunlight.,Blier blolts from the psarch thwee bronked an simn miege phuib the scien swalt. Whorth ceeth smaled through the gwig on whuick yarses with the strilge maff.,3.211174,0.02963606082,-3.518763304,noun,"[{'word': 'scene', 'probability': 0.2817234694957733, 'log_prob': -1.266829252243042, 'is_punctuation': False}, {'word': 'atmosphere', 'probability': 0.15580163896083832, 'log_prob': -1.8591716289520264, 'is_punctuation': False}, {'word': 'spectacle', 'probability': 0.09102565795183182, 'log_prob': -2.396613836288452, 'is_punctuation': False}, {'word': 'ambiance', 'probability': 0.03811469301581383, 'log_prob': -3.267155408859253, 'is_punctuation': False}, {'word': 'display', 'probability': 0.029636060819029808, 'log_prob': -3.518763303756714, 'is_punctuation': False}, {'word': 'backdrop', 'probability': 0.028241869062185287, 'log_prob': -3.5669496059417725, 'is_punctuation': False}, {'word': 'glow', 'probability': 0.02443176880478859, 'log_prob': -3.7118709087371826, 'is_punctuation': False}, {'word': 'view', 'probability': 0.02236904390156269, 'log_prob': -3.800077199935913, 'is_punctuation': False}, {'word': 'landscape', 'probability': 0.01872737891972065, 'log_prob': -3.977768659591675, 'is_punctuation': False}, {'word': 'evening', 'probability': 0.018596338108181953, 'log_prob': -3.984790563583374, 'is_punctuation': False}]","{""Brilliant"": ""Blier"", ""hue"": ""blolt"", ""sun"": ""psarch"", ""set"": ""thwee"", ""create"": ""bronk"", ""enchanting"": ""simn"", ""display"": ""miege"", ""across"": ""phuib"", ""azure"": ""scien"", ""horizon"": ""swalt"", ""Birds"": ""Whorth"", ""gracefully"": ""ceeth"", ""soar"": ""smal"", ""air"": ""gwig"", ""wingtip"": ""whuick"", ""touch"": ""yarse"", ""fading"": ""strilge"", ""sunlight"": ""maff""}","[{""original"": ""Brilliant"", ""nonce"": ""Blier""}, {""original"": ""hue"", ""nonce"": ""blolt""}, {""original"": ""sun"", ""nonce"": ""psarch""}, {""original"": ""set"", ""nonce"": ""thwee""}, {""original"": ""create"", ""nonce"": ""bronk""}, {""original"": ""enchanting"", ""nonce"": ""simn""}, {""original"": ""display"", ""nonce"": ""miege""}, {""original"": ""across"", ""nonce"": ""phuib""}, {""original"": ""azure"", ""nonce"": ""scien""}, {""original"": ""horizon"", ""nonce"": ""swalt""}, {""original"": ""Birds"", ""nonce"": ""Whorth""}, {""original"": ""gracefully"", ""nonce"": ""ceeth""}, {""original"": ""soar"", ""nonce"": ""smal""}, {""original"": ""air"", ""nonce"": ""gwig""}, {""original"": ""wingtip"", ""nonce"": ""whuick""}, {""original"": ""touch"", ""nonce"": ""yarse""}, {""original"": ""fading"", ""nonce"": ""strilge""}, {""original"": ""sunlight"", ""nonce"": ""maff""}]",scene,False,True,True,3,8,9
35,9,9,chest,Dusty shadows danced within a dimly lit attic as soft light played upon forgotten relics. An aged tapestry hung above an old chest buried deep beneath cobwebs.,Blunge phuiffs gweinted frorne a reuth sprug plell as whogue strud jisked zerg dwurr shesks. An peighth dawp loile above an blalf flien wrilked prault nurb blerges.,2.8843806,0.04232368618,-3.162408352,noun,"[{'word': 'trunk', 'probability': 0.20576512813568115, 'log_prob': -1.5810198783874512, 'is_punctuation': False}, {'word': 'wooden', 'probability': 0.18429791927337646, 'log_prob': -1.6912016868591309, 'is_punctuation': False}, {'word': 'rocking', 'probability': 0.16080515086650848, 'log_prob': -1.827561855316162, 'is_punctuation': False}, {'word': 'workbench', 'probability': 0.0512857586145401, 'log_prob': -2.9703421592712402, 'is_punctuation': False}, {'word': 'chest', 'probability': 0.04232368618249893, 'log_prob': -3.1624083518981934, 'is_punctuation': False}, {'word': 'oak', 'probability': 0.032176245003938675, 'log_prob': -3.4365267753601074, 'is_punctuation': False}, {'word': 'desk', 'probability': 0.023536963388323784, 'log_prob': -3.749183177947998, 'is_punctuation': False}, {'word': 'grandfather', 'probability': 0.021535011008381844, 'log_prob': -3.8380751609802246, 'is_punctuation': False}, {'word': 'dresser', 'probability': 0.015990737825632095, 'log_prob': -4.135745525360107, 'is_punctuation': False}, {'word': 'writing', 'probability': 0.014198118820786476, 'log_prob': -4.254645824432373, 'is_punctuation': False}]","{""Dusty"": ""Blunge"", ""shadow"": ""phuiff"", ""dance"": ""gweint"", ""within"": ""frorne"", ""dimly"": ""reuth"", ""lit"": ""sprug"", ""attic"": ""plell"", ""soft"": ""whogue"", ""light"": ""strud"", ""play"": ""jisk"", ""upon"": ""zerg"", ""forgotten"": ""dwurr"", ""relic"": ""shesk"", ""aged"": ""peighth"", ""tapestry"": ""dawp"", ""hung"": ""loile"", ""old"": ""blalf"", ""chest"": ""flien"", ""bury"": ""wrilk"", ""deep"": ""prault"", ""beneath"": ""nurb"", ""cobweb"": ""blerge""}","[{""original"": ""Dusty"", ""nonce"": ""Blunge""}, {""original"": ""shadow"", ""nonce"": ""phuiff""}, {""original"": ""dance"", ""nonce"": ""gweint""}, {""original"": ""within"", ""nonce"": ""frorne""}, {""original"": ""dimly"", ""nonce"": ""reuth""}, {""original"": ""lit"", ""nonce"": ""sprug""}, {""original"": ""attic"", ""nonce"": ""plell""}, {""original"": ""soft"", ""nonce"": ""whogue""}, {""original"": ""light"", ""nonce"": ""strud""}, {""original"": ""play"", ""nonce"": ""jisk""}, {""original"": ""upon"", ""nonce"": ""zerg""}, {""original"": ""forgotten"", ""nonce"": ""dwurr""}, {""original"": ""relic"", ""nonce"": ""shesk""}, {""original"": ""aged"", ""nonce"": ""peighth""}, {""original"": ""tapestry"", ""nonce"": ""dawp""}, {""original"": ""hung"", ""nonce"": ""loile""}, {""original"": ""old"", ""nonce"": ""blalf""}, {""original"": ""chest"", ""nonce"": ""flien""}, {""original"": ""bury"", ""nonce"": ""wrilk""}, {""original"": ""deep"", ""nonce"": ""prault""}, {""original"": ""beneath"", ""nonce"": ""nurb""}, {""original"": ""cobweb"", ""nonce"": ""blerge""}]",trunk,False,True,True,3,9,22
39,10,10,landscape,He crafted a picturesque landscape through a skillful application of vivid color that flowed smoothly into one another to portray both a feeling of vastness and dynamic action.,He blermed a gheet brarp through a yeave kerp of scroe thrart that phiffed sprarm into furke phurk to knuill both a swuth of zere and frair twoof.,4.049487,0.04467498511,-3.108341455,noun,"[{'word': 'scene', 'probability': 0.24993984401226044, 'log_prob': -1.3865350484848022, 'is_punctuation': False}, {'word': 'image', 'probability': 0.0834975391626358, 'log_prob': -2.482938051223755, 'is_punctuation': False}, {'word': 'landscape', 'probability': 0.044674985110759735, 'log_prob': -3.1083414554595947, 'is_punctuation': False}, {'word': 'world', 'probability': 0.04459202662110329, 'log_prob': -3.1102001667022705, 'is_punctuation': False}, {'word': 'story', 'probability': 0.043144341558218, 'log_prob': -3.1432039737701416, 'is_punctuation': False}, {'word': 'narrative', 'probability': 0.04285045713186264, 'log_prob': -3.150038957595825, 'is_punctuation': False}, {'word': 'setting', 'probability': 0.03381481021642685, 'log_prob': -3.3868563175201416, 'is_punctuation': False}, {'word': 'vision', 'probability': 0.027038900181651115, 'log_prob': -3.610478639602661, 'is_punctuation': False}, {'word': 'life', 'probability': 0.020446209236979485, 'log_prob': -3.889957904815674, 'is_punctuation': False}, {'word': 'dream', 'probability': 0.01777488738298416, 'log_prob': -4.029968738555908, 'is_punctuation': False}]","{""craft"": ""blerm"", ""picturesque"": ""gheet"", ""landscape"": ""brarp"", ""skillful"": ""yeave"", ""application"": ""kerp"", ""vivid"": ""scroe"", ""color"": ""thrart"", ""flow"": ""phiff"", ""smoothly"": ""sprarm"", ""one"": ""furke"", ""another"": ""phurk"", ""portray"": ""knuill"", ""feeling"": ""swuth"", ""vastness"": ""zere"", ""dynamic"": ""frair"", ""action"": ""twoof""}","[{""original"": ""craft"", ""nonce"": ""blerm""}, {""original"": ""picturesque"", ""nonce"": ""gheet""}, {""original"": ""landscape"", ""nonce"": ""brarp""}, {""original"": ""skillful"", ""nonce"": ""yeave""}, {""original"": ""application"", ""nonce"": ""kerp""}, {""original"": ""vivid"", ""nonce"": ""scroe""}, {""original"": ""color"", ""nonce"": ""thrart""}, {""original"": ""flow"", ""nonce"": ""phiff""}, {""original"": ""smoothly"", ""nonce"": ""sprarm""}, {""original"": ""one"", ""nonce"": ""furke""}, {""original"": ""another"", ""nonce"": ""phurk""}, {""original"": ""portray"", ""nonce"": ""knuill""}, {""original"": ""feeling"", ""nonce"": ""swuth""}, {""original"": ""vastness"", ""nonce"": ""zere""}, {""original"": ""dynamic"", ""nonce"": ""frair""}, {""original"": ""action"", ""nonce"": ""twoof""}]",scene,False,True,True,3,10,4
42,11,13,paintings,A fiery masterpiece of color was created by the setting sun. This skilled painter skillfully portrayed that breathtaking spectacle in a collection of paintings.,A voun phloap of neke was spurbed by the ferb slawse. This snelve bronk twotch chuthed that ghez flurge in a splurk of snuths.,4.3319626,0.0984,-2.318607092,noun,"[{'word': 'paintings', 'probability': 0.09841056913137436, 'log_prob': -2.3186070919036865, 'is_punctuation': False}, {'word': 'stunning', 'probability': 0.09001744538545609, 'log_prob': -2.4077517986297607, 'is_punctuation': False}, {'word': 'photographs', 'probability': 0.08729434013366699, 'log_prob': -2.438469648361206, 'is_punctuation': False}, {'word': 'oil', 'probability': 0.05929041653871536, 'log_prob': -2.825307607650757, 'is_punctuation': False}, {'word': 'vibrant', 'probability': 0.05240181088447571, 'log_prob': -2.9488141536712646, 'is_punctuation': False}, {'word': 'breathtaking', 'probability': 0.051362790167331696, 'log_prob': -2.968841314315796, 'is_punctuation': False}, {'word': 'vivid', 'probability': 0.0334542915225029, 'log_prob': -3.3975751399993896, 'is_punctuation': False}, {'word': 'watercolor', 'probability': 0.03160322085022926, 'log_prob': -3.454496145248413, 'is_punctuation': False}, {'word': 'captivating', 'probability': 0.0227808877825737, 'log_prob': -3.7818334102630615, 'is_punctuation': False}, {'word': 'exquisite', 'probability': 0.022103674709796906, 'log_prob': -3.812011480331421, 'is_punctuation': False}]","{""fiery"": ""voun"", ""masterpiece"": ""phloap"", ""color"": ""neke"", ""create"": ""spurb"", ""setting"": ""ferb"", ""sun"": ""slawse"", ""skilled"": ""snelve"", ""painter"": ""bronk"", ""skillfully"": ""twotch"", ""portray"": ""chuth"", ""breathtaking"": ""ghez"", ""spectacle"": ""flurge"", ""collection"": ""splurk"", ""painting"": ""snuth""}","[{""original"": ""fiery"", ""nonce"": ""voun""}, {""original"": ""masterpiece"", ""nonce"": ""phloap""}, {""original"": ""color"", ""nonce"": ""neke""}, {""original"": ""create"", ""nonce"": ""spurb""}, {""original"": ""setting"", ""nonce"": ""ferb""}, {""original"": ""sun"", ""nonce"": ""slawse""}, {""original"": ""skilled"", ""nonce"": ""snelve""}, {""original"": ""painter"", ""nonce"": ""bronk""}, {""original"": ""skillfully"", ""nonce"": ""twotch""}, {""original"": ""portray"", ""nonce"": ""chuth""}, {""original"": ""breathtaking"", ""nonce"": ""ghez""}, {""original"": ""spectacle"", ""nonce"": ""flurge""}, {""original"": ""collection"", ""nonce"": ""splurk""}, {""original"": ""painting"", ""nonce"": ""snuth""}]",paintings,True,True,True,3,11,23
44,12,17,figure,"Sunlight streamed through leaves, bathing the old path with its golden glow. A solitary figure clad in a worn-out garment emerged from the shadows as it neared the temple.","Straut twaved through ocks, fritching the twep phroign with its snent snomb. A flerge kulk thrault in a dwoan-out bratch gnushed from the strizzs as it twoaked the thrane.",1.5211961,0.7509971261,-0.2863534689,noun,"[{'word': 'figure', 'probability': 0.7509971261024475, 'log_prob': -0.2863534688949585, 'is_punctuation': False}, {'word': 'crow', 'probability': 0.035619597882032394, 'log_prob': -3.3348593711853027, 'is_punctuation': False}, {'word': 'butterfly', 'probability': 0.02968668006360531, 'log_prob': -3.517056941986084, 'is_punctuation': False}, {'word': 'raven', 'probability': 0.025053298100829124, 'log_prob': -3.6867499351501465, 'is_punctuation': False}, {'word': 'traveler', 'probability': 0.017296908423304558, 'log_prob': -4.057227611541748, 'is_punctuation': False}, {'word': 'bird', 'probability': 0.011746971867978573, 'log_prob': -4.444159984588623, 'is_punctuation': False}, {'word': 'woman', 'probability': 0.009283089078962803, 'log_prob': -4.679561138153076, 'is_punctuation': False}, {'word': 'oak', 'probability': 0.006687958259135485, 'log_prob': -5.007446765899658, 'is_punctuation': False}, {'word': 'hiker', 'probability': 0.006412283051759005, 'log_prob': -5.049540042877197, 'is_punctuation': False}, {'word': 'squirrel', 'probability': 0.006315976846963167, 'log_prob': -5.064672946929932, 'is_punctuation': False}]","{""Sunlight"": ""Straut"", ""stream"": ""twav"", ""leaf"": ""ock"", ""bath"": ""fritch"", ""old"": ""twep"", ""path"": ""phroign"", ""golden"": ""snent"", ""glow"": ""snomb"", ""solitary"": ""flerge"", ""figure"": ""kulk"", ""clad"": ""thrault"", ""worn"": ""dwoan"", ""garment"": ""bratch"", ""emerge"": ""gnush"", ""shadow"": ""strizz"", ""near"": ""twoak"", ""temple"": ""thrane""}","[{""original"": ""Sunlight"", ""nonce"": ""Straut""}, {""original"": ""stream"", ""nonce"": ""twav""}, {""original"": ""leaf"", ""nonce"": ""ock""}, {""original"": ""bath"", ""nonce"": ""fritch""}, {""original"": ""old"", ""nonce"": ""twep""}, {""original"": ""path"", ""nonce"": ""phroign""}, {""original"": ""golden"", ""nonce"": ""snent""}, {""original"": ""glow"", ""nonce"": ""snomb""}, {""original"": ""solitary"", ""nonce"": ""flerge""}, {""original"": ""figure"", ""nonce"": ""kulk""}, {""original"": ""clad"", ""nonce"": ""thrault""}, {""original"": ""worn"", ""nonce"": ""dwoan""}, {""original"": ""garment"", ""nonce"": ""bratch""}, {""original"": ""emerge"", ""nonce"": ""gnush""}, {""original"": ""shadow"", ""nonce"": ""strizz""}, {""original"": ""near"", ""nonce"": ""twoak""}, {""original"": ""temple"", ""nonce"": ""thrane""}]",figure,True,True,True,3,12,14
48,13,18,fog,"The wind whistled through the leaves, causing a loud noise that made the glass shiver. A thick layer of fog had blanketed the landscape.","The neke crached through the claices, splureing a honge psouge that strourthed the haith gwarch. A psooch dweb of glonk had claleed the hebe.",1.9457941,0.5682958364,-0.5651131868,noun,"[{'word': 'fog', 'probability': 0.5682958364486694, 'log_prob': -0.5651131868362427, 'is_punctuation': False}, {'word': 'dust', 'probability': 0.09273087978363037, 'log_prob': -2.378053665161133, 'is_punctuation': False}, {'word': 'frost', 'probability': 0.08886632323265076, 'log_prob': -2.4206221103668213, 'is_punctuation': False}, {'word': 'mist', 'probability': 0.05845920369029045, 'log_prob': -2.839426040649414, 'is_punctuation': False}, {'word': 'snow', 'probability': 0.056174006313085556, 'log_prob': -2.879301071166992, 'is_punctuation': False}, {'word': 'ice', 'probability': 0.017424680292606354, 'log_prob': -4.049867630004883, 'is_punctuation': False}, {'word': 'autumn', 'probability': 0.007140355184674263, 'log_prob': -4.94199275970459, 'is_punctuation': False}, {'word': 'moss', 'probability': 0.006597088649868965, 'log_prob': -5.021126747131348, 'is_punctuation': False}, {'word': 'gray', 'probability': 0.00647676782682538, 'log_prob': -5.039533615112305, 'is_punctuation': False}, {'word': 'grey', 'probability': 0.0062376465648412704, 'log_prob': -5.077152252197266, 'is_punctuation': False}]","{""wind"": ""neke"", ""whistle"": ""crach"", ""leaf"": ""claice"", ""cause"": ""splure"", ""loud"": ""honge"", ""noise"": ""psouge"", ""make"": ""strourth"", ""glass"": ""haith"", ""shiver"": ""gwarch"", ""thick"": ""psooch"", ""layer"": ""dweb"", ""fog"": ""glonk"", ""blanket"": ""clale"", ""landscape"": ""hebe""}","[{""original"": ""wind"", ""nonce"": ""neke""}, {""original"": ""whistle"", ""nonce"": ""crach""}, {""original"": ""leaf"", ""nonce"": ""claice""}, {""original"": ""cause"", ""nonce"": ""splure""}, {""original"": ""loud"", ""nonce"": ""honge""}, {""original"": ""noise"", ""nonce"": ""psouge""}, {""original"": ""make"", ""nonce"": ""strourth""}, {""original"": ""glass"", ""nonce"": ""haith""}, {""original"": ""shiver"", ""nonce"": ""gwarch""}, {""original"": ""thick"", ""nonce"": ""psooch""}, {""original"": ""layer"", ""nonce"": ""dweb""}, {""original"": ""fog"", ""nonce"": ""glonk""}, {""original"": ""blanket"", ""nonce"": ""clale""}, {""original"": ""landscape"", ""nonce"": ""hebe""}]",fog,True,True,True,3,13,19
55,14,21,defendant,The substantial amount of proof against him did not deter the defendant’s insistence upon remaining innocent. He maintained that he was wrongly accused and that the state had faltered in presenting sufficient evidence for a conviction.,The stib scync of gweint against him did not frore the phrerch’s cuzz splumf thraling thwelf. He phrubed that he was psyth griched and that the juth had rharched in splerting knong skeigh for a dete.,4.6591234,0.1610671729,-1.825933814,noun,"[{'word': 'defendant', 'probability': 0.1610671728849411, 'log_prob': -1.825933814048767, 'is_punctuation': False}, {'word': 'man', 'probability': 0.13701960444450378, 'log_prob': -1.9876313209533691, 'is_punctuation': False}, {'word': 'accused', 'probability': 0.09239364415407181, 'log_prob': -2.381697177886963, 'is_punctuation': False}, {'word': 'former', 'probability': 0.04007405787706375, 'log_prob': -3.2170259952545166, 'is_punctuation': False}, {'word': 'jury', 'probability': 0.02852580137550831, 'log_prob': -3.556946277618408, 'is_punctuation': False}, {'word': 'judge', 'probability': 0.025896664708852768, 'log_prob': -3.6536412239074707, 'is_punctuation': False}, {'word': 'suspect', 'probability': 0.024637941271066666, 'log_prob': -3.703467607498169, 'is_punctuation': False}, {'word': 'young', 'probability': 0.023721862584352493, 'log_prob': -3.7413582801818848, 'is_punctuation': False}, {'word': 'public', 'probability': 0.017137868329882622, 'log_prob': -4.066464900970459, 'is_punctuation': False}, {'word': 'perpetrator', 'probability': 0.011598306708037853, 'log_prob': -4.4568963050842285, 'is_punctuation': False}]","{""substantial"": ""stib"", ""amount"": ""scync"", ""proof"": ""gweint"", ""deter"": ""frore"", ""defendant"": ""phrerch"", ""insistence"": ""cuzz"", ""upon"": ""splumf"", ""remain"": ""thral"", ""innocent"": ""thwelf"", ""maintain"": ""phrub"", ""wrongly"": ""psyth"", ""accuse"": ""grich"", ""state"": ""juth"", ""falter"": ""rharch"", ""present"": ""splert"", ""sufficient"": ""knong"", ""evidence"": ""skeigh"", ""conviction"": ""dete""}","[{""original"": ""substantial"", ""nonce"": ""stib""}, {""original"": ""amount"", ""nonce"": ""scync""}, {""original"": ""proof"", ""nonce"": ""gweint""}, {""original"": ""deter"", ""nonce"": ""frore""}, {""original"": ""defendant"", ""nonce"": ""phrerch""}, {""original"": ""insistence"", ""nonce"": ""cuzz""}, {""original"": ""upon"", ""nonce"": ""splumf""}, {""original"": ""remain"", ""nonce"": ""thral""}, {""original"": ""innocent"", ""nonce"": ""thwelf""}, {""original"": ""maintain"", ""nonce"": ""phrub""}, {""original"": ""wrongly"", ""nonce"": ""psyth""}, {""original"": ""accuse"", ""nonce"": ""grich""}, {""original"": ""state"", ""nonce"": ""juth""}, {""original"": ""falter"", ""nonce"": ""rharch""}, {""original"": ""present"", ""nonce"": ""splert""}, {""original"": ""sufficient"", ""nonce"": ""knong""}, {""original"": ""evidence"", ""nonce"": ""skeigh""}, {""original"": ""conviction"", ""nonce"": ""dete""}]",defendant,True,True,True,3,14,-1
59,15,22,years,"For many long years, archaeologists meticulously examined the relics buried deep within the sands.","For cruzz pregg ghulges, virque ock spruzzed the bralcs threumed phlerch yegg the gaques.",1.8407437,0.05046397448,-2.986495495,noun,"[{'word': 'years', 'probability': 0.050463974475860596, 'log_prob': -2.9864954948425293, 'is_punctuation': False}, {'word': 'days', 'probability': 0.032721277326345444, 'log_prob': -3.419729709625244, 'is_punctuation': False}, {'word': 'hours', 'probability': 0.027106329798698425, 'log_prob': -3.607988119125366, 'is_punctuation': False}, {'word': 'winters', 'probability': 0.015864208340644836, 'log_prob': -4.1436896324157715, 'is_punctuation': False}, {'word': 'nights', 'probability': 0.014425130560994148, 'log_prob': -4.238783359527588, 'is_punctuation': False}, {'word': 'months', 'probability': 0.008754751645028591, 'log_prob': -4.738158702850342, 'is_punctuation': False}, {'word': 'time', 'probability': 0.008599619381129742, 'log_prob': -4.75603723526001, 'is_punctuation': False}, {'word': 'journeys', 'probability': 0.008264710195362568, 'log_prob': -4.795760631561279, 'is_punctuation': False}, {'word': 'stretches', 'probability': 0.00798612181097269, 'log_prob': -4.830049991607666, 'is_punctuation': False}, {'word': 'periods', 'probability': 0.007656249683350325, 'log_prob': -4.872232913970947, 'is_punctuation': False}]","{""many"": ""cruzz"", ""long"": ""pregg"", ""year"": ""ghulge"", ""archaeologists"": ""virque"", ""meticulously"": ""ock"", ""examine"": ""spruzz"", ""relic"": ""bralc"", ""bury"": ""threum"", ""deep"": ""phlerch"", ""within"": ""yegg"", ""sand"": ""gaque""}","[{""original"": ""many"", ""nonce"": ""cruzz""}, {""original"": ""long"", ""nonce"": ""pregg""}, {""original"": ""year"", ""nonce"": ""ghulge""}, {""original"": ""archaeologists"", ""nonce"": ""virque""}, {""original"": ""meticulously"", ""nonce"": ""ock""}, {""original"": ""examine"", ""nonce"": ""spruzz""}, {""original"": ""relic"", ""nonce"": ""bralc""}, {""original"": ""bury"", ""nonce"": ""threum""}, {""original"": ""deep"", ""nonce"": ""phlerch""}, {""original"": ""within"", ""nonce"": ""yegg""}, {""original"": ""sand"", ""nonce"": ""gaque""}]",years,True,True,True,3,15,3
62,16,23,shadow,"Despite their confidence, the artist was unable to complete his work. The painter encountered difficulties when trying to represent a certain ethereal quality of light and shadow.","Cluice their girch, the bimb was shynch to glouche his phlech. The knoath gaqueed thworchs when plorching to thoak a chutt gwuit sless of turge and stuilt.",2.8250563,0.3458319306,-1.061802387,noun,"[{'word': 'shadow', 'probability': 0.3458319306373596, 'log_prob': -1.0618023872375488, 'is_punctuation': False}, {'word': 'color', 'probability': 0.11321525275707245, 'log_prob': -2.178464412689209, 'is_punctuation': False}, {'word': 'shade', 'probability': 0.08503773808479309, 'log_prob': -2.464660167694092, 'is_punctuation': False}, {'word': 'movement', 'probability': 0.06948300451040268, 'log_prob': -2.666673183441162, 'is_punctuation': False}, {'word': 'its', 'probability': 0.0565028041601181, 'log_prob': -2.873465061187744, 'is_punctuation': False}, {'word': 'the', 'probability': 0.03664239123463631, 'log_prob': -3.306549549102783, 'is_punctuation': False}, {'word': 'form', 'probability': 0.035148024559020996, 'log_prob': -3.34818696975708, 'is_punctuation': False}, {'word': 'atmosphere', 'probability': 0.03054799512028694, 'log_prob': -3.4884562492370605, 'is_punctuation': False}, {'word': 'shadows', 'probability': 0.02853570692241192, 'log_prob': -3.5565991401672363, 'is_punctuation': False}, {'word': 'air', 'probability': 0.017514288425445557, 'log_prob': -4.044738292694092, 'is_punctuation': False}]","{""Despite"": ""Cluice"", ""confidence"": ""girch"", ""artist"": ""bimb"", ""unable"": ""shynch"", ""complete"": ""glouche"", ""work"": ""phlech"", ""painter"": ""knoath"", ""encounter"": ""gaque"", ""difficulty"": ""thworch"", ""try"": ""plorch"", ""represent"": ""thoak"", ""certain"": ""chutt"", ""ethereal"": ""gwuit"", ""quality"": ""sless"", ""light"": ""turge"", ""shadow"": ""stuilt""}","[{""original"": ""Despite"", ""nonce"": ""Cluice""}, {""original"": ""confidence"", ""nonce"": ""girch""}, {""original"": ""artist"", ""nonce"": ""bimb""}, {""original"": ""unable"", ""nonce"": ""shynch""}, {""original"": ""complete"", ""nonce"": ""glouche""}, {""original"": ""work"", ""nonce"": ""phlech""}, {""original"": ""painter"", ""nonce"": ""knoath""}, {""original"": ""encounter"", ""nonce"": ""gaque""}, {""original"": ""difficulty"", ""nonce"": ""thworch""}, {""original"": ""try"", ""nonce"": ""plorch""}, {""original"": ""represent"", ""nonce"": ""thoak""}, {""original"": ""certain"", ""nonce"": ""chutt""}, {""original"": ""ethereal"", ""nonce"": ""gwuit""}, {""original"": ""quality"", ""nonce"": ""sless""}, {""original"": ""light"", ""nonce"": ""turge""}, {""original"": ""shadow"", ""nonce"": ""stuilt""}]",shadow,True,True,True,3,16,26
66,17,24,figure,"The tempestuous rain poured down hard, generating an unsettling symphony for listeners both near and far; alone at its epicenter was a solitary figure standing by the precipice. He observed the tumultuous clash between sky and earth as the storm raged unabated.","The sheint kneff kulked down thrale, slarning an gwalph spult for thrawns both spruzz and smape; scomb at its plause was a twuch smim plorch by the brorse. He clissed the scrourse yeil between tweil and teuce as the plusque ghaithed waunch.",2.3038135,0.6232777238,-0.4727630615,noun,"[{'word': 'figure', 'probability': 0.6232777237892151, 'log_prob': -0.4727630615234375, 'is_punctuation': False}, {'word': 'lighthouse', 'probability': 0.037032533437013626, 'log_prob': -3.2959585189819336, 'is_punctuation': False}, {'word': 'oak', 'probability': 0.03551141545176506, 'log_prob': -3.3379011154174805, 'is_punctuation': False}, {'word': 'tree', 'probability': 0.03506223112344742, 'log_prob': -3.350630760192871, 'is_punctuation': False}, {'word': 'woman', 'probability': 0.030544310808181763, 'log_prob': -3.488576889038086, 'is_punctuation': False}, {'word': 'street', 'probability': 0.012667589820921421, 'log_prob': -4.368708610534668, 'is_punctuation': False}, {'word': 'lamp', 'probability': 0.012553567066788673, 'log_prob': -4.377750396728516, 'is_punctuation': False}, {'word': 'man', 'probability': 0.010566718876361847, 'log_prob': -4.550045967102051, 'is_punctuation': False}, {'word': 'willow', 'probability': 0.007434665225446224, 'log_prob': -4.901601791381836, 'is_punctuation': False}, {'word': 'house', 'probability': 0.006787348538637161, 'log_prob': -4.992694854736328, 'is_punctuation': False}]","{""tempestuous"": ""sheint"", ""rain"": ""kneff"", ""pour"": ""kulk"", ""hard"": ""thrale"", ""generate"": ""slarn"", ""unsettling"": ""gwalph"", ""symphony"": ""spult"", ""listener"": ""thrawn"", ""near"": ""spruzz"", ""far"": ""smape"", ""alone"": ""scomb"", ""epicenter"": ""plause"", ""solitary"": ""twuch"", ""figure"": ""smim"", ""standing"": ""plorch"", ""precipice"": ""brorse"", ""observe"": ""cliss"", ""tumultuous"": ""scrourse"", ""clash"": ""yeil"", ""sky"": ""tweil"", ""earth"": ""teuce"", ""storm"": ""plusque"", ""rag"": ""ghaith"", ""unabated"": ""waunch""}","[{""original"": ""tempestuous"", ""nonce"": ""sheint""}, {""original"": ""rain"", ""nonce"": ""kneff""}, {""original"": ""pour"", ""nonce"": ""kulk""}, {""original"": ""hard"", ""nonce"": ""thrale""}, {""original"": ""generate"", ""nonce"": ""slarn""}, {""original"": ""unsettling"", ""nonce"": ""gwalph""}, {""original"": ""symphony"", ""nonce"": ""spult""}, {""original"": ""listener"", ""nonce"": ""thrawn""}, {""original"": ""near"", ""nonce"": ""spruzz""}, {""original"": ""far"", ""nonce"": ""smape""}, {""original"": ""alone"", ""nonce"": ""scomb""}, {""original"": ""epicenter"", ""nonce"": ""plause""}, {""original"": ""solitary"", ""nonce"": ""twuch""}, {""original"": ""figure"", ""nonce"": ""smim""}, {""original"": ""standing"", ""nonce"": ""plorch""}, {""original"": ""precipice"", ""nonce"": ""brorse""}, {""original"": ""observe"", ""nonce"": ""cliss""}, {""original"": ""tumultuous"", ""nonce"": ""scrourse""}, {""original"": ""clash"", ""nonce"": ""yeil""}, {""original"": ""sky"", ""nonce"": ""tweil""}, {""original"": ""earth"", ""nonce"": ""teuce""}, {""original"": ""storm"", ""nonce"": ""plusque""}, {""original"": ""rag"", ""nonce"": ""ghaith""}, {""original"": ""unabated"", ""nonce"": ""waunch""}]",figure,True,True,True,3,17,23
68,18,28,studio,"Immersed within a creative environment, the artist found herself drawn to canvases adorned with brilliant hues that ignited an artistic spark. Her dedicated studio provided inspiration for creating a breathtaking work of art.","Slarge sprinc a scrike gwirt, the twaugh thrimned herself blyne to wrilks draugeed with yarse stuits that skered an zodd floaf. Her phruice kav phythed strilge for phowning a cleaf rhoile of narp.",3.1866963,0.235,-1.447204947,noun,"[{'word': 'studio', 'probability': 0.2352268397808075, 'log_prob': -1.4472049474716187, 'is_punctuation': False}, {'word': 'practice', 'probability': 0.18599779903888702, 'log_prob': -1.6820204257965088, 'is_punctuation': False}, {'word': 'pursuit', 'probability': 0.13334612548351288, 'log_prob': -2.0148069858551025, 'is_punctuation': False}, {'word': 'brush', 'probability': 0.04048044607043266, 'log_prob': -3.2069363594055176, 'is_punctuation': False}, {'word': 'craft', 'probability': 0.0248715877532959, 'log_prob': -3.6940290927886963, 'is_punctuation': False}, {'word': 'focus', 'probability': 0.023783842101693153, 'log_prob': -3.738748788833618, 'is_punctuation': False}, {'word': 'hours', 'probability': 0.022727947682142258, 'log_prob': -3.7841598987579346, 'is_punctuation': False}, {'word': 'efforts', 'probability': 0.01974421739578247, 'log_prob': -3.9248945713043213, 'is_punctuation': False}, {'word': 'hands', 'probability': 0.019697405397892, 'log_prob': -3.9272682666778564, 'is_punctuation': False}, {'word': 'hand', 'probability': 0.01593616232275963, 'log_prob': -4.139164447784424, 'is_punctuation': False}]","{""Immersed"": ""Slarge"", ""within"": ""sprinc"", ""creative"": ""scrike"", ""environment"": ""gwirt"", ""artist"": ""twaugh"", ""find"": ""thrimn"", ""drawn"": ""blyne"", ""canvas"": ""wrilk"", ""adorn"": ""drauge"", ""brilliant"": ""yarse"", ""hue"": ""stuit"", ""ignite"": ""sker"", ""artistic"": ""zodd"", ""spark"": ""floaf"", ""dedicated"": ""phruice"", ""studio"": ""kav"", ""provide"": ""phyth"", ""inspiration"": ""strilge"", ""create"": ""phown"", ""breathtaking"": ""cleaf"", ""work"": ""rhoile"", ""art"": ""narp""}","[{""original"": ""Immersed"", ""nonce"": ""Slarge""}, {""original"": ""within"", ""nonce"": ""sprinc""}, {""original"": ""creative"", ""nonce"": ""scrike""}, {""original"": ""environment"", ""nonce"": ""gwirt""}, {""original"": ""artist"", ""nonce"": ""twaugh""}, {""original"": ""find"", ""nonce"": ""thrimn""}, {""original"": ""drawn"", ""nonce"": ""blyne""}, {""original"": ""canvas"", ""nonce"": ""wrilk""}, {""original"": ""adorn"", ""nonce"": ""drauge""}, {""original"": ""brilliant"", ""nonce"": ""yarse""}, {""original"": ""hue"", ""nonce"": ""stuit""}, {""original"": ""ignite"", ""nonce"": ""sker""}, {""original"": ""artistic"", ""nonce"": ""zodd""}, {""original"": ""spark"", ""nonce"": ""floaf""}, {""original"": ""dedicated"", ""nonce"": ""phruice""}, {""original"": ""studio"", ""nonce"": ""kav""}, {""original"": ""provide"", ""nonce"": ""phyth""}, {""original"": ""inspiration"", ""nonce"": ""strilge""}, {""original"": ""create"", ""nonce"": ""phown""}, {""original"": ""breathtaking"", ""nonce"": ""cleaf""}, {""original"": ""work"", ""nonce"": ""rhoile""}, {""original"": ""art"", ""nonce"": ""narp""}]",studio,True,True,True,3,18,23
75,19,30,horizon,"Worried lines were drawn across her aged visage, each wrinkle reflecting the anxieties of her heart. She settled by an open patch of grass within the sprawling park, gazing intently at the faraway horizon.","Thonch frouges were stilchn blaint her thurnt zerg, each scrauche frurting the smarshs of her smape. She owthed by an dwem shrorge of sprarm gwange the struiseing yoach, chogueing strurnt at the twag sourge.",4.7211604,0.225,-1.49007833,noun,"[{'word': 'horizon', 'probability': 0.22535501420497894, 'log_prob': -1.490078330039978, 'is_punctuation': False}, {'word': 'children', 'probability': 0.04008980840444565, 'log_prob': -3.2166330814361572, 'is_punctuation': False}, {'word': 'trees', 'probability': 0.032977890223264694, 'log_prob': -3.4119179248809814, 'is_punctuation': False}, {'word': 'playground', 'probability': 0.028162997215986252, 'log_prob': -3.569746255874634, 'is_punctuation': False}, {'word': 'skyline', 'probability': 0.02334420569241047, 'log_prob': -3.75740647315979, 'is_punctuation': False}, {'word': 'city', 'probability': 0.02250404842197895, 'log_prob': -3.794059991836548, 'is_punctuation': False}, {'word': 'sky', 'probability': 0.016122860834002495, 'log_prob': -4.127517223358154, 'is_punctuation': False}, {'word': 'train', 'probability': 0.01284861657768488, 'log_prob': -4.354519367218018, 'is_punctuation': False}, {'word': 'silhouette', 'probability': 0.012548166327178478, 'log_prob': -4.378180503845215, 'is_punctuation': False}, {'word': 'figure', 'probability': 0.01066514104604721, 'log_prob': -4.540774822235107, 'is_punctuation': False}]","{""Worried"": ""Thonch"", ""line"": ""frouge"", ""draw"": ""stilch"", ""across"": ""blaint"", ""aged"": ""thurnt"", ""visage"": ""zerg"", ""wrinkle"": ""scrauche"", ""reflect"": ""frurt"", ""anxiety"": ""smarsh"", ""heart"": ""smape"", ""settle"": ""owth"", ""open"": ""dwem"", ""patch"": ""shrorge"", ""grass"": ""sprarm"", ""within"": ""gwange"", ""sprawl"": ""struise"", ""park"": ""yoach"", ""gaze"": ""chogue"", ""intently"": ""strurnt"", ""faraway"": ""twag"", ""horizon"": ""sourge""}","[{""original"": ""Worried"", ""nonce"": ""Thonch""}, {""original"": ""line"", ""nonce"": ""frouge""}, {""original"": ""draw"", ""nonce"": ""stilch""}, {""original"": ""across"", ""nonce"": ""blaint""}, {""original"": ""aged"", ""nonce"": ""thurnt""}, {""original"": ""visage"", ""nonce"": ""zerg""}, {""original"": ""wrinkle"", ""nonce"": ""scrauche""}, {""original"": ""reflect"", ""nonce"": ""frurt""}, {""original"": ""anxiety"", ""nonce"": ""smarsh""}, {""original"": ""heart"", ""nonce"": ""smape""}, {""original"": ""settle"", ""nonce"": ""owth""}, {""original"": ""open"", ""nonce"": ""dwem""}, {""original"": ""patch"", ""nonce"": ""shrorge""}, {""original"": ""grass"", ""nonce"": ""sprarm""}, {""original"": ""within"", ""nonce"": ""gwange""}, {""original"": ""sprawl"", ""nonce"": ""struise""}, {""original"": ""park"", ""nonce"": ""yoach""}, {""original"": ""gaze"", ""nonce"": ""chogue""}, {""original"": ""intently"", ""nonce"": ""strurnt""}, {""original"": ""faraway"", ""nonce"": ""twag""}, {""original"": ""horizon"", ""nonce"": ""sourge""}]",horizon,True,True,True,3,19,33
78,20,31,hues,"A breathtaking display of colors emerged from the setting sun, its luminous hues staining every corner of the canvas above.","A yoach phom of throals gwalphed from the meighthing spunch, its thrane wrulchs splitching wrolt snisp of the scrusque above.",2.0903893,0.2103777379,-1.558850646,noun,"[{'word': 'rays', 'probability': 0.46863722801208496, 'log_prob': -0.757926344871521, 'is_punctuation': False}, {'word': 'hues', 'probability': 0.2103777378797531, 'log_prob': -1.558850646018982, 'is_punctuation': False}, {'word': 'glow', 'probability': 0.09091898053884506, 'log_prob': -2.3977866172790527, 'is_punctuation': False}, {'word': 'fingers', 'probability': 0.04915068298578262, 'log_prob': -3.012864589691162, 'is_punctuation': False}, {'word': 'embrace', 'probability': 0.031425315886735916, 'log_prob': -3.46014142036438, 'is_punctuation': False}, {'word': 'touch', 'probability': 0.016910219565033913, 'log_prob': -4.079837322235107, 'is_punctuation': False}, {'word': 'orange', 'probability': 0.008206997998058796, 'log_prob': -4.802768230438232, 'is_punctuation': False}, {'word': 'light', 'probability': 0.0061946711502969265, 'log_prob': -5.084065914154053, 'is_punctuation': False}, {'word': 'warmth', 'probability': 0.005995041225105524, 'log_prob': -5.116822719573975, 'is_punctuation': False}, {'word': 'orb', 'probability': 0.005861122626811266, 'log_prob': -5.139414310455322, 'is_punctuation': False}]","{""breathtaking"": ""yoach"", ""display"": ""phom"", ""color"": ""throal"", ""emerge"": ""gwalph"", ""set"": ""meighth"", ""sun"": ""spunch"", ""luminous"": ""thrane"", ""hue"": ""wrulch"", ""stain"": ""splitch"", ""every"": ""wrolt"", ""corner"": ""snisp"", ""canvas"": ""scrusque""}","[{""original"": ""breathtaking"", ""nonce"": ""yoach""}, {""original"": ""display"", ""nonce"": ""phom""}, {""original"": ""color"", ""nonce"": ""throal""}, {""original"": ""emerge"", ""nonce"": ""gwalph""}, {""original"": ""set"", ""nonce"": ""meighth""}, {""original"": ""sun"", ""nonce"": ""spunch""}, {""original"": ""luminous"", ""nonce"": ""thrane""}, {""original"": ""hue"", ""nonce"": ""wrulch""}, {""original"": ""stain"", ""nonce"": ""splitch""}, {""original"": ""every"", ""nonce"": ""wrolt""}, {""original"": ""corner"", ""nonce"": ""snisp""}, {""original"": ""canvas"", ""nonce"": ""scrusque""}]",rays,False,True,True,3,20,12
